station_id,Latitude,Longitude,station_mean_good_rate,cache_key,suburb,city_town,municipality,province,country,display_name,dist_cape_town_km,dist_johannesburg_km,dist_pretoria_km,dist_durban_km,nearest_metro_km,has_locality_name,wealth_proxy_score,wealth_proxy_band
-22.2256_29.9906,-22.225556,29.990556,0.3703703703703703,-22.2256_29.9906,,Municipality of Beitbridge,Beitbridge,Matabeleland South Province,Zimbabwe,"Beitbridge, Municipality of Beitbridge, Beitbridge, Matabeleland South Province, Zimbabwe",1723.608985764978,484.2752631309397,430.583568048742,854.981141642644,430.583568048742,1,0.4874278168052449,Mid proxy
-22.4377_31.0781,-22.43772222,31.07805556,0.8,-22.4377_31.0781,,Mutale Local Municipality,Vhembe District Municipality,Limpopo,South Africa,"Mutale Local Municipality, Vhembe District Municipality, Limpopo, South Africa",1777.2912777932213,519.2734784337688,468.03804718989903,825.1941385430017,468.03804718989903,1,0.4413555681489653,Mid proxy
-22.5489_28.8981,-22.548889,28.898056,1.0,-22.5489_28.8981,Blouberg Local Municipality,,Capricorn District Municipality,Limpopo,South Africa,"Blouberg Local Municipality, Capricorn District Municipality, Limpopo, South Africa",1626.5844214964889,415.46935929801685,362.1251775090073,839.9127679914735,362.1251775090073,1,0.5716375579063975,Mid proxy
-22.7697_30.8869,-22.769722,30.886944,1.0,-22.7697_30.8869,,Thulamela Local Municipality,Vhembe District Municipality,Limpopo,South Africa,"Thulamela Local Municipality, Vhembe District Municipality, Limpopo, South Africa",1736.642845104077,477.87620210389014,426.8788678769399,788.372728924056,426.8788678769399,1,0.49198491842369113,Mid proxy
-22.9103_29.6111,-22.91028,29.61111,1.0,-22.9103_29.6111,,Makhado Local Municipality,Vhembe District Municipality,Limpopo,South Africa,"Makhado Local Municipality, Vhembe District Municipality, Limpopo, South Africa",1639.8768356747887,398.9314761799726,345.1859731183511,785.2768225196605,345.1859731183511,1,0.5924742443220491,Mid proxy
-22.935_28.0042,-22.935,28.004167,0.9047619047619048,-22.935_28.0042,,Lephalale Local Municipality,Waterberg District Municipality,Limpopo,South Africa,"Lephalale Local Municipality, Waterberg District Municipality, Limpopo, South Africa",1537.9758192685115,363.5334926162344,313.61044074945437,826.3514478409604,313.61044074945437,1,0.6313148799980008,Mid proxy
-23.2357_27.717,-23.23572222,27.717,0.1578947368421052,-23.2357_27.717,,Lephalale Local Municipality,Waterberg District Municipality,Limpopo,South Africa,"Lephalale Local Municipality, Waterberg District Municipality, Limpopo, South Africa",1493.7145839148625,331.74970534107496,284.1095909706846,806.3464931640005,284.1095909706846,1,0.6676034766557368,High proxy
-23.281_30.5431,-23.281,30.54305556,0.9642857142857144,-23.281_30.5431,,Greater Giyani Local Municipality,Mopani District Municipality,Limpopo,South Africa,"Greater Giyani Local Municipality, Mopani District Municipality, Limpopo, 0826, South Africa",1670.8359280109369,411.27394386473554,360.5903804420238,732.9519343352857,360.5903804420238,1,0.5735254910382532,Mid proxy
-23.6581_31.05,-23.658056,31.05,0.9777777777777776,-23.6581_31.05,,Ba-Phalaborwa Local Municipality,Mopani District Municipality,Limpopo,South Africa,"Ba-Phalaborwa Local Municipality, Mopani District Municipality, Limpopo, South Africa",1675.6986495875308,414.4780119492155,367.6632865940698,689.4858299765228,367.6632865940698,1,0.5648252047592348,Mid proxy
-23.7631_27.9086,-23.763056,27.908611,0.0,-23.7631_27.9086,,Lephalale Local Municipality,Waterberg District Municipality,Limpopo,South Africa,"Lephalale Local Municipality, Waterberg District Municipality, Limpopo, South Africa",1457.8843042914223,271.7913209789082,223.0671138019821,744.7885997040806,223.0671138019821,1,0.7426910029329705,High proxy
-23.8386_31.6408,-23.838611,31.640833,1.0,-23.8386_31.6408,,Ba-Phalaborwa Local Municipality,Mopani District Municipality,Limpopo,South Africa,"Ba-Phalaborwa Local Municipality, Mopani District Municipality, Limpopo, South Africa",1704.0816978967082,447.49277593344294,404.53170213018245,672.2100074465427,404.53170213018245,1,0.5194738650238413,Mid proxy
-24.0342_31.1236,-24.034167,31.123611,0.0,-24.0342_31.1236,,Ba-Phalaborwa Local Municipality,Mopani District Municipality,Limpopo,South Africa,"Ba-Phalaborwa Local Municipality, Mopani District Municipality, Limpopo, South Africa",1651.300379091442,392.5834468071869,348.60639252037754,647.7370192302016,348.60639252037754,1,0.58826683263692,Mid proxy
-24.0589_31.2372,-24.058889,31.237222,0.8181818181818182,-24.0589_31.2372,,Ba-Phalaborwa Local Municipality,Mopani District Municipality,Limpopo,South Africa,"Ba-Phalaborwa Local Municipality, Mopani District Municipality, Limpopo, South Africa",1657.6061094890272,399.99547258439793,356.77590229835096,645.2623539083864,356.77590229835096,1,0.5782176290564303,Mid proxy
-24.1839_30.8239,-24.183889,30.823889,0.9302325581395348,-24.1839_30.8239,,Maruleng Local Municipality,Mopani District Municipality,Limpopo,South Africa,"Maruleng Local Municipality, Mopani District Municipality, Limpopo, South Africa",1617.971649056976,358.4614562293338,314.0739538989736,631.3142135698823,314.0739538989736,1,0.6307447187363899,Mid proxy
-24.2822_28.0903,-24.282222,28.090278,0.8421052631578947,-24.2822_28.0903,,Modimolle Local Municipality,Waterberg District Municipality,Limpopo,South Africa,"Vaalwater, Modimolle Local Municipality, Waterberg District Municipality, Limpopo, 0530, South Africa",1423.7565434001356,213.74678834068646,163.57683987559815,684.560022899688,163.57683987559815,1,0.8158691849772843,High proxy
-24.3962_27.0898,-24.39619444,27.08983333,0.288135593220339,-24.3962_27.0898,,Thabazimbi Local Municipality,Waterberg District Municipality,Limpopo,South Africa,"Thabazimbi Local Municipality, Waterberg District Municipality, Limpopo, South Africa",1351.7406538882199,222.88209840966178,189.1050297219962,721.203296296237,189.1050297219962,1,0.7844673036184389,High proxy
-24.6708_28.5608,-24.670833,28.560833,0.2352941176470588,-24.6708_28.5608,,Modimolle Local Municipality,Waterberg District Municipality,Limpopo,South Africa,"Modimolle Local Municipality, Waterberg District Municipality, Limpopo, South Africa",1421.406839612896,178.1184604903225,124.32184742071901,625.992020897891,124.32184742071901,1,0.8641562207298177,High proxy
-24.6792_30.8025,-24.679167,30.8025,1.0,-24.6792_30.8025,,Thaba Chweu Local Municipality,Ehlanzeni District Municipality,Mpumalanga,South Africa,"Ngwetsintshage, Thaba Chweu Local Municipality, Ehlanzeni District Municipality, Mpumalanga, 1274, South Africa",1578.0492228424498,324.4678756098892,284.83147096036635,576.3450113034514,284.83147096036635,1,0.6667155018354418,High proxy
-24.6951_27.4091,-24.69514,27.40906,0.1592920353982301,-24.6951_27.4091,,Thabazimbi Local Municipality,Waterberg District Municipality,Limpopo,South Africa,"Thabazimbi Local Municipality, Waterberg District Municipality, Limpopo, South Africa",1344.873614885673,179.60846844714743,143.2174069607801,676.0036165760048,143.2174069607801,1,0.8409130482817833,High proxy
-24.7689_31.39,-24.768889,31.39,1.0,-24.7689_31.39,,Bushbuckridge,Ehlanzeni District Municipality,Mpumalanga,South Africa,"Bushbuckridge, Ehlanzeni District Municipality, Mpumalanga, South Africa",1614.8352742547302,371.5195482598383,335.9642929723068,567.1276483790133,335.9642929723068,1,0.603817708453963,Mid proxy
-24.9253_29.3244,-24.925278,29.324444,0.15625,-24.9253_29.3244,,Ephraim Mogale Local Municipality,Sekhukhune District Municipality,Limpopo,South Africa,"Ephraim Mogale Local Municipality, Sekhukhune District Municipality, Limpopo, 0450, South Africa",1452.803776210949,191.39226926431476,143.10836122305176,573.5683585784756,143.10836122305176,1,0.8410471839701903,High proxy
-24.9586_29.3953,-24.95861111,29.39527778,0.1428571428571428,-24.9586_29.3953,,Ephraim Mogale Local Municipality,Sekhukhune District Municipality,Limpopo,South Africa,"Ephraim Mogale Local Municipality, Sekhukhune District Municipality, Limpopo, 0450, South Africa",1455.1107749816717,193.53660615445102,146.3882297819026,568.003698175999,146.3882297819026,1,0.8370126619779397,High proxy
-24.9675_31.5167,-24.9675,31.516667,1.0,-24.9675_31.5167,,Bushbuckridge,Ehlanzeni District Municipality,Mpumalanga,South Africa,"Bushbuckridge, Ehlanzeni District Municipality, Mpumalanga, South Africa",1609.7058994607187,374.1113376689392,341.51550003583753,546.0634254114847,341.51550003583753,1,0.596989243660484,Mid proxy
-24.9933_30.8144,-24.99328,30.81444,1.0,-24.9933_30.8144,,Thaba Chweu Local Municipality,Ehlanzeni District Municipality,Mpumalanga,South Africa,"Graskop, Thaba Chweu Local Municipality, Ehlanzeni District Municipality, Mpumalanga, South Africa",1555.1008035545333,308.41529409046075,272.9420008265542,541.3965633021066,272.9420008265542,1,0.6813405783805453,High proxy
-25.1278_27.6289,-25.127778,27.628889,0.0583333333333333,-25.1278_27.6289,,Madibeng Local Municipality,Bojanala Platinum District Municipality,North West,South Africa,"Madibeng Local Municipality, Bojanala Platinum District Municipality, North West, South Africa",1321.5734354770386,126.8152487699355,91.59447167797984,623.3883874114293,91.59447167797984,1,0.9044137233746776,High proxy
-25.1494_31.9406,-25.14944444,31.94055556,1.0,-25.1494_31.9406,,Nkomazi,Ehlanzeni District Municipality,Mpumalanga,South Africa,"Nkomazi, Ehlanzeni District Municipality, Mpumalanga, South Africa",1628.9706845695455,407.382589439609,378.5120000635854,531.4197943624131,378.5120000635854,1,0.5514803489227798,Mid proxy
-25.2064_27.558,-25.20639,27.558,0.782258064516129,-25.2064_27.558,,Madibeng Local Municipality,Bojanala Platinum District Municipality,North West,South Africa,"Madibeng Local Municipality, Bojanala Platinum District Municipality, North West, South Africa",1310.2918841722703,121.28862665829024,90.36863323135405,619.7877076823717,90.36863323135405,1,0.9059216106826955,High proxy
-25.3622_31.9567,-25.362222,31.956667,0.8888888888888888,-25.3622_31.9567,,Nkomazi,Ehlanzeni District Municipality,Mpumalanga,South Africa,"Komatipoort, Nkomazi, Ehlanzeni District Municipality, Mpumalanga, South Africa",1615.1373648844426,402.4444037682713,376.3556340862953,508.3921773505903,376.3556340862953,1,0.5541328655717292,Mid proxy
-25.3989_31.6106,-25.398889,31.610556,0.9411764705882352,-25.3989_31.6106,,Nkomazi,Ehlanzeni District Municipality,Mpumalanga,South Africa,"Nkomazi, Ehlanzeni District Municipality, Mpumalanga, South Africa",1585.72300148979,367.76581212227484,341.34824604445356,499.2856668444935,341.34824604445356,1,0.5971949805351247,Mid proxy
-25.4361_31.9822,-25.436111,31.982222,0.75,-25.4361_31.9822,,Nkomazi,Ehlanzeni District Municipality,Mpumalanga,South Africa,"Komatipoort, Nkomazi, Ehlanzeni District Municipality, Mpumalanga, South Africa",1611.9424476589502,402.9938425670738,377.9453239396052,500.77766525066363,377.9453239396052,1,0.5521774095651986,Mid proxy
-25.4472_30.7117,-25.447222,30.711667,1.0,-25.4472_30.7117,,Mbombela,Ehlanzeni District Municipality,Mpumalanga,South Africa,"Mbombela, Ehlanzeni District Municipality, Mpumalanga, South Africa",1513.6591529376683,279.6320570086799,251.1659552880402,491.48326896966194,251.1659552880402,1,0.7081269977302789,High proxy
-25.4596_28.2643,-25.45963889,28.26430556,0.4473684210526316,-25.4596_28.2643,,,City of Tshwane Metropolitan Municipality,Gauteng,South Africa,"City of Tshwane Metropolitan Municipality, Gauteng, South Africa",1336.3054070037688,85.58195777787803,32.244805647947345,559.4261710392097,32.244805647947345,1,0.9774189455457722,High proxy
-25.4904_30.6986,-25.49037,30.6986,1.0,-25.4904_30.6986,,Mbombela,Ehlanzeni District Municipality,Mpumalanga,South Africa,"Mbombela, Ehlanzeni District Municipality, Mpumalanga, South Africa",1509.5056786209846,276.92646686521465,249.22646251360442,486.7767921724622,249.22646251360442,1,0.7105127415830796,High proxy
-25.5139_31.2244,-25.513889,31.224444,1.0,-25.5139_31.2244,,Mbombela,Ehlanzeni District Municipality,Mpumalanga,South Africa,"Kanyamazane, Mbombela, Ehlanzeni District Municipality, Mpumalanga, 1214, South Africa",1547.8006320465981,327.0303628062507,301.3916227344528,483.53243881199415,301.3916227344528,1,0.6463450829211641,Mid proxy
-25.5788_29.1275,-25.57877778,29.12747222,1.0,-25.5788_29.1275,,Thembisile Hani Local Municipality,Nkangala,Mpumalanga,South Africa,"Thembisile Hani Local Municipality, Nkangala, Mpumalanga, South Africa",1387.235027882787,128.49151659507928,91.96330453707883,511.1025835082651,91.96330453707883,1,0.903960027058865,High proxy
-25.6739_31.5753,-25.67386,31.57527,1.0,-25.6739_31.5753,,Nkomazi,Ehlanzeni District Municipality,Mpumalanga,South Africa,"Nkomazi, Ehlanzeni District Municipality, Mpumalanga, South Africa",1563.5797848497057,357.65349132395215,335.31154536132516,468.5060203992188,335.31154536132516,1,0.6046206444694284,Mid proxy
-25.6811_31.7833,-25.681111,31.783333,0.9583333333333334,-25.6811_31.7833,,Nkomazi,Ehlanzeni District Municipality,Mpumalanga,South Africa,"Tonga, Nkomazi, Ehlanzeni District Municipality, Mpumalanga, 1357, South Africa",1579.3218485434313,378.0510138547834,356.1202870184185,470.5256213684018,356.1202870184185,1,0.5790240925527204,Mid proxy
-25.7341_27.2142,-25.73411,27.21422,0.0454545454545454,-25.7341_27.2142,,Rustenburg Local Municipality,Bojanala Platinum District Municipality,North West,South Africa,"Rustenburg Local Municipality, Bojanala Platinum District Municipality, North West, South Africa",1243.257868547557,98.31987395570542,101.682391295712,592.0258721057771,98.31987395570542,1,0.8961408969155211,High proxy
-25.8105_27.9096,-25.81048333,27.90955222,0.4435483870967742,-25.8105_27.9096,,Madibeng Local Municipality,Bojanala Platinum District Municipality,North West,South Africa,"Broederstroom, Madibeng Local Municipality, Bojanala Platinum District Municipality, North West, 0240, South Africa",1283.5194464109297,45.88191832766075,32.763407936873,544.2448094478974,32.763407936873,1,0.9767810198782159,High proxy
-25.9914_27.8421,-25.99136,27.84208,0.7350427350427351,-25.9914_27.8421,,Mogale City Local Municipality,West Rand District Municipality,Gauteng,South Africa,"Mogale City Local Municipality, West Rand District Municipality, Gauteng, South Africa",1264.2563967940002,31.297676810533396,47.26325112229253,531.4548848460348,31.297676810533396,1,0.9785839959297975,High proxy
-26.0064_29.2539,-26.006389,29.253889,0.6363636363636364,-26.0064_29.2539,,Emalahleni Local Municipality,Nkangala,Mpumalanga,South Africa,"Emalahleni Local Municipality, Nkangala, Mpumalanga, South Africa",1363.583287569889,122.46872903769479,106.45874959190587,462.20518602256,106.45874959190587,1,0.8861293759788567,High proxy
-26.0361_30.9978,-26.03611,30.99778,0.9615384615384616,-26.0361_30.9978,,Albert Luthuli Local Municipality,Gert Sibande,Mpumalanga,South Africa,"Albert Luthuli Local Municipality, Gert Sibande, Mpumalanga, South Africa",1493.3203585978176,295.1579815037404,278.7819694578579,425.05915853190083,278.7819694578579,1,0.6741569118846831,High proxy
-26.45_28.0858,-26.45,28.085833,0.4285714285714285,-26.45_28.0858,,Midvaal Local Municipality,Sedibeng District Municipality,Gauteng,South Africa,"Midvaal Local Municipality, Sedibeng District Municipality, Gauteng, South Africa",1245.0826872351483,27.61119356362407,79.37350619893395,475.88301544086545,27.61119356362407,1,0.9831186891551047,High proxy
-26.5103_28.3514,-26.510278,28.351389,0.0,-26.5103_28.3514,,Lesedi Local Municipality,Sedibeng District Municipality,Gauteng,South Africa,"Heidelberg, Lesedi Local Municipality, Sedibeng District Municipality, Gauteng, 6800, South Africa",1259.5537882397161,45.574779474727805,85.64425698473154,455.0722081894664,45.574779474727805,1,0.9610219248739704,High proxy
-26.6194_27.9808,-26.619444,27.980833,0.3809523809523809,-26.6194_27.9808,,Midvaal Local Municipality,Sedibeng District Municipality,Gauteng,South Africa,"Midvaal Ward 2, Midvaal Local Municipality, Sedibeng District Municipality, Gauteng, South Africa",1224.4789598052662,46.656089634944806,100.0323707182289,467.3635257316177,46.656089634944806,1,0.9596918198580036,High proxy
-26.6481_27.0894,-26.648056,27.089444,0.0449438202247191,-26.6481_27.0894,,Tlokwe Local Municipality,Dr Kenneth Kaunda District Municipality,North West,South Africa,"Tlokwe Local Municipality, Dr Kenneth Kaunda District Municipality, North West, South Africa",1159.6457202092522,107.39695648756108,151.49798913176565,525.0907401765522,107.39695648756108,1,0.8849753003548235,High proxy
-26.7381_27.5919,-26.73806,27.59194,0.3333333333333333,-26.7381_27.5919,,Ngwathe Local Municipality,Fezile Dabi District Municipality,Free State,South Africa,"Ngwathe Local Municipality, Fezile Dabi District Municipality, Free State, South Africa",1187.572167550566,74.69658748041537,127.13248967260543,482.81810602491345,74.69658748041537,1,0.925199582379181,High proxy
-26.8611_28.8847,-26.861111,28.884722,0.348993288590604,-26.8611_28.8847,,Dipaleseng Local Municipality,Gert Sibande,Mpumalanga,South Africa,"Dipaleseng Local Municipality, Gert Sibande, Mpumalanga, 2415, South Africa",1272.9034888682102,110.80443357343054,139.96605817871392,393.45642651005346,110.80443357343054,1,0.8807838088379052,High proxy
-26.8803_26.965,-26.880278,26.965,0.0,-26.8803_26.965,,Tlokwe Local Municipality,Dr Kenneth Kaunda District Municipality,North West,South Africa,"Tlokwe Local Municipality, Dr Kenneth Kaunda District Municipality, North West, South Africa",1132.4773667970248,131.31666716652168,178.13911259790146,516.863324287792,131.31666716652168,1,0.8555519874839108,High proxy
-26.905_32.3247,-26.905,32.324722,1.0,-26.905_32.3247,,uMhlabuyalingana Local Municipality,Umkhanyakude District Municipality,KwaZulu-Natal,South Africa,"uMhlabuyalingana Local Municipality, Umkhanyakude District Municipality, KwaZulu-Natal, South Africa",1542.5061970300626,432.5087508390053,427.9292334213929,352.2933770336065,352.2933770336065,1,0.583731522810687,Mid proxy
-26.9703_27.2111,-26.970278,27.211111,0.4064171122994652,-26.9703_27.2111,,Tlokwe Local Municipality,Dr Kenneth Kaunda District Municipality,North West,South Africa,"Tlokwe Local Municipality, Dr Kenneth Kaunda District Municipality, North West, South Africa",1142.541636731247,119.0443137256932,169.6037658656318,491.9147883101669,119.0443137256932,1,0.8706480436109412,High proxy
-26.9847_26.6323,-26.98472222,26.63227778,0.0238095238095238,-26.9847_26.6323,,Matlosana Local Municipality,Dr Kenneth Kaunda District Municipality,North West,South Africa,"Orkney, Matlosana Local Municipality, Dr Kenneth Kaunda District Municipality, North West, 2620, South Africa",1101.2484963504971,165.31512912384244,210.30273485464858,535.0690698570398,165.31512912384244,1,0.8137309388631195,High proxy
-27.0022_28.7653,-27.00222,28.76528,0.9527027027027029,-27.0022_28.7653,,Dipaleseng Local Municipality,Gert Sibande,Mpumalanga,South Africa,"Dipaleseng Local Municipality, Gert Sibande, Mpumalanga, 2415, South Africa",1253.7096284424122,113.89229949027047,149.34443815697492,386.72132428819435,113.89229949027047,1,0.8769854667009944,High proxy
-27.0101_26.6981,-27.01011111,26.69808333,0.4864864864864865,-27.0101_26.6981,,Matlosana Local Municipality,Dr Kenneth Kaunda District Municipality,North West,South Africa,"Orkney, Matlosana Local Municipality, Dr Kenneth Kaunda District Municipality, North West, 2620, South Africa",1103.7108222698487,161.3222400548196,207.27634569003635,528.1862930426172,161.3222400548196,1,0.8186425377496414,High proxy
-27.0231_28.5939,-27.02314,28.59389,0.9102564102564102,-27.0231_28.5939,,Dipaleseng Local Municipality,Gert Sibande,Mpumalanga,South Africa,"Dipaleseng Local Municipality, Gert Sibande, Mpumalanga, 2415, South Africa",1239.2954206371653,106.05132977093643,146.37672647420627,394.64360955785384,106.05132977093643,1,0.886630537595027,High proxy
-27.0444_27.005,-27.044444,27.005,0.9411764705882352,-27.0444_27.005,,Moqhaka Local Municipality,Fezile Dabi District Municipality,Free State,South Africa,"Moqhaka Local Municipality, Fezile Dabi District Municipality, Free State, South Africa",1122.253853545515,139.5200969928331,188.82139579623555,502.0635113410709,139.5200969928331,1,0.8454610593103336,High proxy
-27.1694_29.2339,-27.169444,29.233889,0.7526881720430108,-27.1694_29.2339,,Lekwa Local Municipality,Gert Sibande,Mpumalanga,South Africa,"Lekwa Local Municipality, Gert Sibande, Mpumalanga, South Africa",1277.6825494715329,159.43321543923363,187.04451105389862,346.3031285602283,159.43321543923363,1,0.8209662014022343,High proxy
-27.2739_28.49,-27.273889,28.49,1.0,-27.2739_28.49,,Mafube Local Municipality,Fezile Dabi District Municipality,Free State,South Africa,"Mafube Local Municipality, Fezile Dabi District Municipality, Free State, South Africa",1213.4071610727085,126.81828490887597,171.65341080261007,379.10509578625744,126.81828490887597,1,0.8610853867108543,High proxy
-27.3567_27.2864,-27.356667,27.286389,0.3076923076923077,-27.3567_27.2864,,Ngwathe Local Municipality,Fezile Dabi District Municipality,Free State,South Africa,"Ngwathe Local Municipality, Fezile Dabi District Municipality, Free State, South Africa",1118.1603736064385,148.7613848203456,201.97938430095024,458.6092230665824,148.7613848203456,1,0.834093476034411,High proxy
-27.3636_31.7833,-27.363611,31.783333,0.5116279069767442,-27.3636_31.7833,,uPhongolo Local Municipality,Zululand District Municipality,KwaZulu-Natal,South Africa,"uPhongolo Local Municipality, Zululand District Municipality, KwaZulu-Natal, South Africa",1469.7110068061656,392.60761820318527,396.5040526912304,287.22496201717934,287.22496201717934,1,0.6637713008305239,High proxy
-27.3897_26.4639,-27.38972222,26.46388889,0.5357142857142857,-27.3897_26.4639,,Nala Local Municipality,Lejweleputswa District Municipality,Free State,South Africa,"Balkfontein, Nala Local Municipality, Lejweleputswa District Municipality, Free State, South Africa",1057.3097214435084,205.12856299230972,253.28094551514687,522.6870189032531,205.12856299230972,1,0.764756971874142,High proxy
-27.3986_26.6147,-27.398611,26.614722,0.2569444444444444,-27.3986_26.6147,,Nala Local Municipality,Lejweleputswa District Municipality,Free State,South Africa,"Bothaville, Nala Local Municipality, Lejweleputswa District Municipality, Free State, 9660, South Africa",1067.119931654648,194.56780756171597,243.8633712364913,509.6757349718524,194.56780756171597,1,0.7777476144181954,High proxy
-27.3_28.5869,-27.3,28.586944,1.0,-27.3_28.5869,,Mafube Local Municipality,Fezile Dabi District Municipality,Free State,South Africa,"Mafube Local Municipality, Fezile Dabi District Municipality, Free State, South Africa",1218.9055521349062,133.11822142995408,176.21516325206252,370.75087097273195,133.11822142995408,1,0.853335919929485,High proxy
-27.4275_28.5258,-27.4275,28.525833,0.984375,-27.4275_28.5258,,Mafube Local Municipality,Fezile Dabi District Municipality,Free State,South Africa,"Mafube Local Municipality, Fezile Dabi District Municipality, Free State, South Africa",1205.2345318523385,144.08587850972316,189.0760098505349,363.8565769267186,144.08587850972316,1,0.839844753165383,High proxy
-27.4956_26.0747,-27.495556,26.074722,0.3170731707317073,-27.4956_26.0747,,Maquassi Hills Local Municipality,Dr Kenneth Kaunda District Municipality,North West,South Africa,"Maquassi Hills Local Municipality, Dr Kenneth Kaunda District Municipality, North West, 2630, South Africa",1022.1007757004079,242.7231719067544,289.18801118987574,549.4259221661099,242.7231719067544,1,0.7185123514773633,High proxy
-27.4_26.6247,-27.4,26.624722,0.2653061224489796,-27.4_26.6247,,Nala Local Municipality,Lejweleputswa District Municipality,Free State,South Africa,"Bothaville, Nala Local Municipality, Lejweleputswa District Municipality, Free State, 9660, South Africa",1067.711312139274,193.9489972902397,243.32575642386328,508.76739426000455,193.9489972902397,1,0.7785088045709423,High proxy
-27.5275_30.8581,-27.5275,30.858056,0.9230769230769232,-27.5275_30.8581,,eDumbe Local Municipality,Zululand District Municipality,KwaZulu-Natal,South Africa,"eDumbe Local Municipality, Zululand District Municipality, KwaZulu-Natal, 3180, South Africa",1383.5066886739994,315.24515213827544,327.73792438763303,259.7090661008342,259.7090661008342,1,0.6976182325654556,High proxy
-27.5731_24.7464,-27.573056,24.746389,0.5454545454545454,-27.5731_24.7464,,Greater Taung Local Municipality,Dr Ruth Segomotsi Mompati District Municipality,North West,South Africa,"Matolong, Greater Taung Local Municipality, Dr Ruth Segomotsi Mompati District Municipality, North West, 8580, South Africa",928.9823850112268,361.00186949443383,401.1888704800494,662.5140841753602,361.00186949443383,1,0.5730193239154768,Mid proxy
-27.6022_29.9428,-27.602222,29.942778,1.0,-27.6022_29.9428,,Newcastle Local Municipality,Amajuba District Municipality,KwaZulu-Natal,South Africa,"Newcastle Local Municipality, Amajuba District Municipality, KwaZulu-Natal, South Africa",1304.5938237727134,243.91194158797427,267.38633387538005,272.06950753176994,243.91194158797427,1,0.7170500619567481,High proxy
-27.6711_27.2369,-27.671111,27.236944,0.8040540540540541,-27.6711_27.2369,,Moqhaka Local Municipality,Fezile Dabi District Municipality,Free State,South Africa,"Kroonstad, Moqhaka Local Municipality, Fezile Dabi District Municipality, Free State, 1499, South Africa",1091.0031043785928,181.82930443325648,235.4717154425183,441.85036544568493,181.82930443325648,1,0.7934170749767397,High proxy
-27.8028_28.7683,-27.802778,28.768333,1.0,-27.8028_28.7683,,Phumelela Local Municipality,Thabo Mofutsanyana District Municipality,Free State,South Africa,"Phumelela Local Municipality, Thabo Mofutsanyana District Municipality, Free State, South Africa",1198.1820877887242,191.57930891192265,234.67317840439873,316.9182292851361,191.57930891192265,1,0.7814237262226962,High proxy
-27.9028_24.6156,-27.902778,24.615556,0.010752688172043,-27.9028_24.6156,,Greater Taung Local Municipality,Dr Ruth Segomotsi Mompati District Municipality,North West,South Africa,"Greater Taung Local Municipality, Dr Ruth Segomotsi Mompati District Municipality, North West, South Africa",892.4808088408769,388.77513487232505,431.234582865383,660.4491411343685,388.77513487232505,1,0.5388558054838195,Mid proxy
-27.935_26.1267,-27.935,26.126667,0.352112676056338,-27.935_26.1267,,Tswelopele Local Municipality,Lejweleputswa District Municipality,Free State,South Africa,"Tswelopele Local Municipality, Lejweleputswa District Municipality, Free State, South Africa",991.0356248291307,270.5597035739029,320.3938403826697,522.2784950777894,270.5597035739029,1,0.6842710100382297,High proxy
-27.9378_31.2094,-27.937778,31.209444,0.9387755102040816,-27.9378_31.2094,,Abaqulusi Local Municipality,Zululand District Municipality,KwaZulu-Natal,South Africa,"Abaqulusi Local Municipality, Zululand District Municipality, KwaZulu-Natal, 3100, South Africa",1387.7650147268353,367.6564685195452,383.00402803201644,214.37631784932242,214.37631784932242,1,0.7533814335926226,High proxy
-28.0589_30.3736,-28.058889,30.373611,0.7692307692307693,-28.0589_30.3736,,Endumeni Local Municipality,Umzinyathi District Municipality,KwaZulu-Natal,South Africa,"Endumeni Local Municipality, Umzinyathi District Municipality, KwaZulu-Natal, South Africa",1311.2008983859712,309.0681484129411,333.5169819461748,209.82931148353512,209.82931148353512,1,0.7589746446779166,High proxy
-28.0683_31.55,-28.068333,31.55,0.98,-28.0683_31.55,,Nongoma Local Municipality,Zululand District Municipality,KwaZulu-Natal,South Africa,"Nongoma Local Municipality, Zululand District Municipality, KwaZulu-Natal, 3950, South Africa",1408.7928077895886,403.8344803194396,418.2816148008695,205.60392916484324,205.60392916484324,1,0.7641722303690952,High proxy
-28.1167_26.7253,-28.116667,26.725278,0.1578947368421052,-28.1167_26.7253,,Matjhabeng Local Municipality,Lejweleputswa District Municipality,Free State,South Africa,"Matjhabeng Local Municipality, Lejweleputswa District Municipality, Free State, South Africa",1020.5116022322351,249.66228765152155,302.658473777754,460.5622270263771,249.66228765152155,1,0.7099766389703825,High proxy
-28.1175_26.7194,-28.1175,26.719444,0.0747663551401869,-28.1175_26.7194,,Matjhabeng Local Municipality,Lejweleputswa District Municipality,Free State,South Africa,"Matjhabeng Local Municipality, Lejweleputswa District Municipality, Free State, South Africa",1020.020741580765,250.04363362480777,303.0239892941705,461.0365712065735,250.04363362480777,1,0.7095075504419026,High proxy
-28.1419_26.4178,-28.141944,26.417778,0.3736263736263736,-28.1419_26.4178,,Matjhabeng Local Municipality,Lejweleputswa District Municipality,Free State,South Africa,"Matjhabeng Local Municipality, Lejweleputswa District Municipality, Free State, South Africa",996.1418328300324,269.0918626703343,321.09210360342996,486.69385924848126,269.0918626703343,1,0.6860765812982703,High proxy
-28.3089_31.9025,-28.308889,31.9025,0.7333333333333333,-28.3089_31.9025,,Hlabisa Local Municipality,,KwaZulu-Natal,South Africa,"Hlabisa Local Municipality, KwaZulu-Natal, 3997, South Africa",1425.2977805038447,447.1655870880125,461.97225374381645,192.4092031429258,192.4092031429258,1,0.7804028845437851,High proxy
-28.3383_31.3736,-28.338333,31.373611,0.9333333333333332,-28.3383_31.3736,,Ulundi Local Municipality,Zululand District Municipality,KwaZulu-Natal,South Africa,"Ulundi, Ulundi Local Municipality, Zululand District Municipality, KwaZulu-Natal, 3838, South Africa",1378.6938982691217,405.4271796309526,424.1544238155936,172.47778299766952,172.47778299766952,1,0.80492025512433,High proxy
-28.3769_24.3031,-28.376944,24.303056,0.0,-28.3769_24.3031,,Dikgatlong Local Municipality,Frances Baard District Municipality,Northern Cape,South Africa,"Dikgatlong Local Municipality, Frances Baard District Municipality, Northern Cape, South Africa",832.44771813207,441.8537695213119,486.3634166568469,673.0293084356355,441.8537695213119,1,0.4735644942719451,Mid proxy
-28.4044_30.0131,-28.404444,30.013056,1.0,-28.4044_30.0131,,Indaka Local Municipality,Uthukela District Municipality,KwaZulu-Natal,South Africa,"Indaka Local Municipality, Uthukela District Municipality, KwaZulu-Natal, South Africa",1260.786876420116,312.37399110328715,344.1469160000636,189.07017507298505,189.07017507298505,1,0.7845101778511847,High proxy
-28.4456_32.325,-28.44555556,32.325,0.5217391304347826,-28.4456_32.325,,Mtubatuba Local Municipality,Umkhanyakude District Municipality,KwaZulu-Natal,South Africa,"Mtubatuba Local Municipality, Umkhanyakude District Municipality, KwaZulu-Natal, South Africa",1454.2073935295355,490.549061591307,504.2687230257438,201.75554648290853,201.75554648290853,1,0.7689060739016245,High proxy
-28.4608_21.2489,-28.460833,21.248889,0.9473684210526316,-28.4608_21.2489,,ǁKhara Hais Local Municipality,ZF Mgcawu District Municipality,Northern Cape,South Africa,"ǁKhara Hais Local Municipality, ZF Mgcawu District Municipality, Northern Cape, South Africa",664.2482899388258,716.7535384361831,753.7393344180772,961.3051860297638,664.2482899388258,1,0.2,Low proxy
-28.6948_28.2349,-28.69485,28.23487,0.7916666666666666,-28.6948_28.2349,,Dihlabeng Local Municipality,Thabo Mofutsanyana District Municipality,Free State,South Africa,"Fouriesburg, Dihlabeng Local Municipality, Thabo Mofutsanyana District Municipality, Free State, South Africa",1097.7492090234591,277.5763530706367,327.686351737494,299.6777484747289,277.5763530706367,1,0.6756399243106952,High proxy
-28.7115_24.0729,-28.7115,24.07288889,0.3571428571428571,-28.7115_24.0729,,Siyancuma Local Municipality,Pixley ka Seme District Municipality,Northern Cape,South Africa,"Siyancuma Local Municipality, Pixley ka Seme District Municipality, Northern Cape, South Africa",789.6259477134414,481.102658858969,526.6826516881868,685.7796736545772,481.102658858969,1,0.425284965881433,Mid proxy
-28.7356_29.8206,-28.735556,29.820556,0.9782608695652174,-28.7356_29.8206,,Emnambithi/Ladysmith Local Municipality,Uthukela District Municipality,KwaZulu-Natal,South Africa,"Emnambithi/Ladysmith Local Municipality, Uthukela District Municipality, KwaZulu-Natal, 3370, South Africa",1225.5255737930718,331.406772700384,367.5625671430762,170.77871613568675,170.77871613568675,1,0.8070102543111801,High proxy
-28.7478_31.7458,-28.747778,31.745833,0.9629629629629628,-28.7478_31.7458,,uMlalazi Local Municipality,King Cetswayo District Municipality,KwaZulu-Natal,South Africa,"uMlalazi Local Municipality, King Cetswayo District Municipality, KwaZulu-Natal, South Africa",1388.5028716896068,461.60753715460424,481.72542847164385,142.08482091172914,142.08482091172914,1,0.842306227075696,High proxy
-28.75_30.4428,-28.75,30.442778,1.0,-28.75_30.4428,,Msinga Local Municipality,Umzinyathi District Municipality,KwaZulu-Natal,South Africa,"Msinga Local Municipality, Umzinyathi District Municipality, KwaZulu-Natal, South Africa",1277.0550815114161,368.73889519471834,399.11545101761027,135.46398044207265,135.46398044207265,1,0.8504504334677261,High proxy
-28.7608_17.7303,-28.760833,17.730278,0.9516129032258064,-28.7608_17.7303,,Nama Khoi Local Municipality,Namakwa District Municipality,Northern Cape,South Africa,"Nama Khoi Local Municipality, Namakwa District Municipality, Northern Cape, South Africa",577.9807738182905,1056.272910485937,1090.0711532914052,1293.7899158503678,577.9807738182905,1,0.30611650581725675,Low proxy
-28.7681_20.7206,-28.768056,20.720556,1.0,-28.7681_20.7206,,Kai !Garib Local Municipality,ZF Mgcawu District Municipality,Northern Cape,South Africa,"Kai !Garib Local Municipality, ZF Mgcawu District Municipality, Northern Cape, South Africa",613.4287290844804,776.736276535217,814.414684202993,1005.7631725619435,613.4287290844804,1,0.26251245506472687,Low proxy
-28.8013_31.9554,-28.801278,31.955389,0.979591836734694,-28.8013_31.9554,,uMhlathuze Local Municipality,King Cetswayo District Municipality,KwaZulu-Natal,South Africa,"uMhlathuze Local Municipality, King Cetswayo District Municipality, KwaZulu-Natal, South Africa",1403.8490175662669,481.5749876424087,500.8195296477794,148.37582183914492,148.37582183914492,1,0.8345677518473409,High proxy
-28.8833_27.89,-28.883333,27.89,0.9696969696969696,-28.8833_27.89,,Setsoto Local Municipality,Thabo Mofutsanyana District Municipality,Free State,South Africa,"Ficksburg, Setsoto Local Municipality, Thabo Mofutsanyana District Municipality, Free State, 9730, South Africa",1058.1783461401521,298.3203691815268,350.2513211805917,322.260484987371,298.3203691815268,1,0.650122990413713,Mid proxy
-28.9636_19.1549,-28.96362,19.15486,0.9714285714285714,-28.9636_19.1549,,Khâi-Ma Local Municipality,Namakwa District Municipality,Northern Cape,South Africa,"Khâi-Ma Local Municipality, Namakwa District Municipality, Northern Cape, South Africa",556.0020737983589,928.2417355899347,964.5114812123913,1153.2612260505941,556.0020737983589,1,0.33315220770604237,Mid proxy
-29.0286_24.6384,-29.028629,24.638389,0.7045454545454546,-29.0286_24.6384,,Sol Plaatje Local Municipality,Frances Baard District Municipality,Northern Cape,South Africa,"Sol Plaatje Local Municipality, Frances Baard District Municipality, Northern Cape, South Africa",801.978553252054,459.7835535078145,508.6288099889435,624.890652410383,459.7835535078145,1,0.4515093092814856,Mid proxy
-29.0333_23.9833,-29.033333,23.983333,0.1264367816091954,-29.0333_23.9833,,Siyancuma Local Municipality,Pixley ka Seme District Municipality,Northern Cape,South Africa,"Siyancuma Local Municipality, Pixley ka Seme District Municipality, Northern Cape, South Africa",757.1996295040738,509.13408476985836,555.9548319948786,687.5769866966635,509.13408476985836,1,0.3908038876667466,Mid proxy
-29.0422_24.6,-29.042222,24.6,0.8536585365853658,-29.0422_24.6,,Sol Plaatje Local Municipality,Frances Baard District Municipality,Northern Cape,South Africa,"Sol Plaatje Local Municipality, Frances Baard District Municipality, Northern Cape, South Africa",798.2536029676132,463.5640855095396,512.3398857319457,628.3049245975902,463.5640855095396,1,0.4468589279537926,Mid proxy
-29.1406_31.3919,-29.140556,31.391944,1.0,-29.1406_31.3919,,Mandeni Local Municipality,iLembe District Municipality,KwaZulu-Natal,South Africa,"Mandeni Local Municipality, iLembe District Municipality, KwaZulu-Natal, South Africa",1337.8789027045418,463.732586968221,489.5507408999591,87.5206437633776,87.5206437633776,1,0.9094248840413921,High proxy
-29.1603_26.5733,-29.160278,26.573333,0.4361702127659574,-29.1603_26.5733,,,Mangaung Metropolitan Municipality,Free State,South Africa,"Mangaung Metropolitan Municipality, Free State, South Africa",935.9934091436835,359.3156269232409,413.1080373617215,437.3966547256078,359.3156269232409,1,0.5750935481155254,Mid proxy
-29.1617_23.6964,-29.161667,23.696389,1.0,-29.1617_23.6964,,Siyancuma Local Municipality,Pixley ka Seme District Municipality,Northern Cape,South Africa,"Siyancuma Local Municipality, Pixley ka Seme District Municipality, Northern Cape, South Africa",727.8750218767176,540.0030524562264,586.525364066841,712.9751307479225,540.0030524562264,1,0.3528323876587218,Mid proxy
-29.1617_30.6297,-29.161667,30.629722,0.9482758620689656,-29.1617_30.6297,,Umvoti Local Municipality,Umzinyathi District Municipality,KwaZulu-Natal,South Africa,"Umvoti Local Municipality, Umzinyathi District Municipality, KwaZulu-Natal, South Africa",1270.9759012404493,415.6731976001484,447.39139029113005,86.29459849413531,86.29459849413531,1,0.9109330257591155,High proxy
-29.1825_23.5756,-29.1825,23.575556,0.9736842105263158,-29.1825_23.5756,,Thembelihle Local Municipality,Pixley ka Seme District Municipality,Northern Cape,South Africa,"Thembelihle Local Municipality, Pixley ka Seme District Municipality, Northern Cape, South Africa",718.3382073955181,550.8394137249335,597.1047509854685,724.2764317747474,550.8394137249335,1,0.3395027260975619,Mid proxy
-29.3806_30.2775,-29.380556,30.2775,0.8918918918918919,-29.3806_30.2775,,uMgeni Local Municipality,uMgungundlovu District Municipality,KwaZulu-Natal,South Africa,"uMgeni Local Municipality, uMgungundlovu District Municipality, KwaZulu-Natal, South Africa",1229.4327041799756,415.7619403444133,451.55170170754536,89.46010553678346,89.46010553678346,1,0.9070391783225396,High proxy
-29.6156_27.0653,-29.615556,27.065278,0.8947368421052632,-29.6156_27.0653,,Naledi Local Municipality,Xhariep District Municipality,Free State,South Africa,"Naledi Local Municipality, Xhariep District Municipality, Free State, South Africa",946.5128973659077,391.4107592949806,445.06520047726843,382.94525733795865,382.94525733795865,1,0.5460270590577034,Mid proxy
-29.6419_30.6875,-29.641944,30.6875,0.9615384615384616,-29.6419_30.6875,,,eThekwini Metropolitan Municipality,KwaZulu-Natal,South Africa,"eThekwini Metropolitan Municipality, KwaZulu-Natal, South Africa",1252.0584162727528,461.92903112420805,496.0038196186593,40.279732925982955,40.279732925982955,1,0.9675352900797962,High proxy
-29.6514_22.7464,-29.651389,22.746389,0.9333333333333332,-29.6514_22.7464,,Siyathemba Local Municipality,Pixley ka Seme District Municipality,Northern Cape,South Africa,"Prieska, Siyathemba Local Municipality, Pixley ka Seme District Municipality, Northern Cape, South Africa",626.5079517633399,646.4999041776678,692.4805165315199,799.0226535799883,626.5079517633399,1,0.2464238799914961,Low proxy
-29.6581_25.9733,-29.658056,25.973333,0.1538461538461538,-29.6581_25.9733,,Kopanong Local Municipality,Xhariep District Municipality,Free State,South Africa,"Kopanong Local Municipality, Xhariep District Municipality, Free State, South Africa",856.4287903844559,434.73450647072576,488.19312780995165,487.80587073292304,434.73450647072576,1,0.4823218035454211,Mid proxy
-29.7442_29.9058,-29.744167,29.905833,0.9328358208955224,-29.7442_29.9058,,Ingwe Local Municipality,Sisonke District Municipality,KwaZulu-Natal,South Africa,"Ingwe Local Municipality, Sisonke District Municipality, KwaZulu-Natal, South Africa",1179.1416876100568,433.86788746651945,473.98317154188834,108.42941782286039,108.42941782286039,1,0.883705283618277,High proxy
-29.7589_30.9353,-29.758889,30.935278,1.0,-29.7589_30.9353,,KwaMashu,eThekwini Metropolitan Municipality,KwaZulu-Natal,South Africa,"KwaMashu, eThekwini Metropolitan Municipality, KwaZulu-Natal, 4360, South Africa",1268.228688503736,486.42868093566034,519.3888371079132,13.88751557185447,13.88751557185447,1,1.0,High proxy
-29.7775_29.4708,-29.7775,29.470833,0.8085106382978723,-29.7775_29.4708,,Kwa Sani Local Municipality,Sisonke District Municipality,KwaZulu-Natal,South Africa,"Underberg, Kwa Sani Local Municipality, Sisonke District Municipality, KwaZulu-Natal, South Africa",1139.8900308765785,421.1969773765558,464.41297695677906,149.89847476639042,149.89847476639042,1,0.8326947570576688,High proxy
-29.8036_30.5161,-29.803611,30.516111,1.0,-29.8036_30.5161,,Mkhambathini Local Municipality,uMgungundlovu District Municipality,KwaZulu-Natal,South Africa,"Mkhambathini Local Municipality, uMgungundlovu District Municipality, KwaZulu-Natal, South Africa",1229.4222537978962,467.8750365195727,503.9396181482763,49.1623682314312,49.1623682314312,1,0.9566088804246702,High proxy
-29.9878_29.8517,-29.987778,29.851667,1.0,-29.9878_29.8517,,Ingwe Local Municipality,Sisonke District Municipality,KwaZulu-Natal,South Africa,"Ingwe Local Municipality, Sisonke District Municipality, KwaZulu-Natal, South Africa",1162.7210291149402,456.4156005094873,497.67389143567766,113.67728679344859,113.67728679344859,1,0.8772499509138145,High proxy
-30.1357_30.6742,-30.13573889,30.67422222,1.0,-30.1357_30.6742,,Vulamehlo Local Municipality,Ugu District Municipality,KwaZulu-Natal,South Africa,"Vulamehlo Local Municipality, Ugu District Municipality, KwaZulu-Natal, South Africa",1228.2376778187888,507.3272162748403,543.7642055286664,45.48986164313513,45.48986164313513,1,0.9611263811510886,High proxy
-30.1601_27.4012,-30.160091,27.40124,1.0,-30.1601_27.4012,,Mohokare Local Municipality,Xhariep District Municipality,Free State,South Africa,"Mohokare Local Municipality, Xhariep District Municipality, Free State, South Africa",943.5188059220886,444.41707145726906,497.3030957318228,350.21021917720697,350.21021917720697,1,0.5862939871394155,Mid proxy
-30.274_30.696,-30.27402,30.69602,1.0,-30.274_30.696,,uMdoni Local Municipality,Ugu District Municipality,KwaZulu-Natal,South Africa,"Scottburgh, uMdoni Local Municipality, Ugu District Municipality, KwaZulu-Natal, 4182, South Africa",1224.1865304948874,521.6079511349641,558.4564188714937,55.81751421690252,55.81751421690252,1,0.9484224752812185,High proxy
-30.3361_27.3594,-30.336111,27.359444,0.9846153846153848,-30.3361_27.3594,,Senqu Local Municipality,Joe Gqabi District Municipality,Eastern Cape,South Africa,"Senqu Local Municipality, Joe Gqabi District Municipality, Eastern Cape, South Africa",930.7357490077472,464.36663648129723,517.2717658288483,356.2893758320683,356.2893758320683,1,0.5788160986880051,Mid proxy
-30.3981_30.6019,-30.398056,30.601944,1.0,-30.3981_30.6019,,Vulamehlo Local Municipality,Ugu District Municipality,KwaZulu-Natal,South Africa,"Vulamehlo Local Municipality, Ugu District Municipality, KwaZulu-Natal, South Africa",1210.59813830226,529.1304863311723,567.007925622786,72.29975746914356,72.29975746914356,1,0.9281478905868583,High proxy
-30.5342_24.9619,-30.534167,24.961944,0.0612244897959183,-30.5342_24.9619,,Umsobomvu Local Municipality,Pixley ka Seme District Municipality,Northern Cape,South Africa,"Umsobomvu Local Municipality, Pixley ka Seme District Municipality, Northern Cape, South Africa",721.0910060734614,568.2130647505438,621.0983505354669,587.1396097393624,568.2130647505438,1,0.31813163274708,Low proxy
-30.5683_29.4228,-30.568333,29.422778,0.913793103448276,-30.5683_29.4228,,Greater Kokstad Local Municipality,Sisonke District Municipality,KwaZulu-Natal,South Africa,"Kokstad, Greater Kokstad Local Municipality, Sisonke District Municipality, KwaZulu-Natal, 4700, South Africa",1098.9071896150335,503.57325753813683,548.6152472697119,172.7241451641123,172.7241451641123,1,0.8046172083525653,High proxy
-30.5708_29.1506,-30.570833,29.150556,0.9649122807017544,-30.5708_29.1506,,Greater Kokstad Local Municipality,Sisonke District Municipality,KwaZulu-Natal,South Africa,"Greater Kokstad Local Municipality, Sisonke District Municipality, KwaZulu-Natal, 4700, South Africa",1074.7925953193303,497.39746884026437,543.8289973609652,196.4654507525211,196.4654507525211,1,0.7754133491726909,High proxy
-30.6797_26.7125,-30.679722,26.7125,1.0,-30.6797_26.7125,,Mohokare Local Municipality,Xhariep District Municipality,Free State,South Africa,"Mohokare Local Municipality, Xhariep District Municipality, Free State, South Africa",858.1304155693284,514.4782637539322,568.1533786922307,423.7638548447665,423.7638548447665,1,0.49581665386032525,Mid proxy
-30.7339_29.8283,-30.733889,29.828333,0.9090909090909092,-30.7339_29.8283,,uMuziwabantu Local Municipality,Ugu District Municipality,KwaZulu-Natal,South Africa,"uMuziwabantu Local Municipality, Ugu District Municipality, KwaZulu-Natal, South Africa",1127.9718648927685,532.8991419615112,576.0942313229477,150.33039647960953,150.33039647960953,1,0.8321634559949447,High proxy
-30.7759_29.0322,-30.77586667,29.03221667,0.9824561403508772,-30.7759_29.0322,,Umzimvubu Local Municipality,Alfred Nzo District Municipality,Eastern Cape,South Africa,"Umzimvubu Local Municipality, Alfred Nzo District Municipality, Eastern Cape, South Africa",1055.5739827899142,517.380760718767,564.5810428698427,216.49566501919247,216.49566501919247,1,0.7507744532784326,High proxy
-30.8306_26.9214,-30.830556,26.921389,0.984375,-30.8306_26.9214,,Maletswai Local Municipality,Joe Gqabi District Municipality,Eastern Cape,South Africa,"Maletswai Local Municipality, Joe Gqabi District Municipality, Eastern Cape, 9750, South Africa",868.595746148551,526.0567679308535,579.4757102045295,408.0213654621022,408.0213654621022,1,0.5151812773162675,Mid proxy
-30.8601_29.0712,-30.86013889,29.07125,1.0,-30.8601_29.0712,,Ntabankulu Local Municipality,Alfred Nzo District Municipality,Eastern Cape,South Africa,"Ntabankulu Local Municipality, Alfred Nzo District Municipality, Eastern Cape, 5130, South Africa",1055.5388386495945,527.2928164029141,574.3927062442913,217.76623111242213,217.76623111242213,1,0.7492115470967473,High proxy
-31.0008_26.3531,-31.000833,26.353056,0.0526315789473684,-31.0008_26.3531,,Gariep Local Municipality,Joe Gqabi District Municipality,Eastern Cape,South Africa,"Burgersdorp, Gariep Local Municipality, Joe Gqabi District Municipality, Eastern Cape, 9744, South Africa",811.523338855807,558.4019320974612,612.2280310697563,465.25147560838957,465.25147560838957,1,0.44478329219547996,Mid proxy
-31.0314_28.8833,-31.031389,28.883333,0.9818181818181818,-31.0314_28.8833,,Mhlontlo Local Municipality,O.R. Tambo District Municipality,Eastern Cape,South Africa,"Mhlontlo Local Municipality, O.R. Tambo District Municipality, Eastern Cape, South Africa",1031.9292341427881,542.9310315560118,590.9659570458183,242.94853598516718,242.94853598516718,1,0.71823513416993,High proxy
-31.1043_29.3997,-31.104278,29.399722,0.9814814814814816,-31.1043_29.3997,,Ingquza Hill Local Municipality,O.R. Tambo District Municipality,Eastern Cape,South Africa,"Ingquza Hill Local Municipality, O.R. Tambo District Municipality, Eastern Cape, South Africa",1075.2105717237077,560.6096359593914,606.4844716997787,208.186663995424,208.186663995424,1,0.7609952431553817,High proxy
-31.3944_20.9472,-31.394444,20.947222,0.9090909090909092,-31.3944_20.9472,,Karoo Hoogland Local Municipality,Namakwa District Municipality,Northern Cape,South Africa,"Williston, Karoo Hoogland Local Municipality, Namakwa District Municipality, Northern Cape, South Africa",367.339883369438,900.5385874146677,948.148081477151,978.6071167640521,367.339883369438,1,0.5652230186955953,Mid proxy
-31.396_29.2651,-31.396,29.2651,0.9818181818181818,-31.396_29.2651,,Ingquza Hill Local Municipality,O.R. Tambo District Municipality,Eastern Cape,South Africa,"Ingquza Hill Local Municipality, O.R. Tambo District Municipality, Eastern Cape, South Africa",1052.4947515476465,589.3663846894688,636.1208800502867,239.7279709214822,239.7279709214822,1,0.7221967077341656,High proxy
-31.4369_20.4747,-31.436944,20.474722,0.7142857142857143,-31.4369_20.4747,,Hantam Local Municipality,Namakwa District Municipality,Northern Cape,South Africa,"Hantam Local Municipality, Namakwa District Municipality, Northern Cape, South Africa",336.6806340468255,939.1012439409279,986.0534105517628,1023.6819049770751,336.6806340468255,1,0.6029365469783607,Mid proxy
-31.5547_29.2456,-31.554722,29.245556,0.9464285714285714,-31.5547_29.2456,,Nyandeni Local Municipality,O.R. Tambo District Municipality,Eastern Cape,South Africa,"Nyandeni Local Municipality, O.R. Tambo District Municipality, Eastern Cape, 5160, South Africa",1045.2977729857757,606.2777036274679,653.247507562913,253.76901437780108,253.76901437780108,1,0.7049250099199968,High proxy
-31.5653_18.3306,-31.5653,18.3306,0.4509803921568627,-31.5653_18.3306,,Matzikama Local Municipality,West Coast District Municipality,Western Cape,South Africa,"Matzikama Local Municipality, West Coast District Municipality, Western Cape, South Africa",262.5211825679612,1117.4110711120222,1161.5800712925206,1227.2880569522397,262.5211825679612,1,0.6941590861003395,High proxy
-31.8603_18.6875,-31.860278,18.6875,0.4375,-31.8603_18.6875,,Matzikama Local Municipality,West Coast District Municipality,Western Cape,South Africa,"Matzikama Local Municipality, West Coast District Municipality, Western Cape, South Africa",230.888711828698,1105.4008419994989,1150.7838426954745,1197.48425752079,230.888711828698,1,0.7330697608962513,High proxy
-32.5028_19.5358,-32.502778,19.535833,0.0625,-32.5028_19.5358,,Hantam Local Municipality,Namakwa District Municipality,Northern Cape,South Africa,"Hantam Local Municipality, Namakwa District Municipality, Northern Cape, South Africa",188.94726035821748,1081.3841163964787,1129.3017444538282,1130.86930855866,188.94726035821748,1,0.7846613735808314,High proxy
-32.5958_19.0094,-32.595833,19.009444,0.0,-32.5958_19.0094,,Cederberg Local Municipality,West Coast District Municipality,Western Cape,South Africa,"Citrusdal, Cederberg Local Municipality, West Coast District Municipality, Western Cape, 7340, South Africa",157.48758584246679,1126.8384825007715,1174.2561918774913,1181.280702482604,157.48758584246679,1,0.8233594940772553,High proxy
-32.6014_18.7506,-32.601389,18.750556,0.0,-32.6014_18.7506,,Bergrivier Local Municipality,West Coast District Municipality,Western Cape,South Africa,"Bergrivier Local Municipality, West Coast District Municipality, Western Cape, South Africa",150.26487999322737,1146.7368296037928,1193.838028330481,1205.1636941254492,150.26487999322737,1,0.8322440469394967,High proxy
-32.9458_18.3367,-32.94583,18.33667,0.3548387096774194,-32.9458_18.3367,,Bergrivier Local Municipality,West Coast District Municipality,Western Cape,South Africa,"Bergrivier Local Municipality, West Coast District Municipality, Western Cape, South Africa",109.16947090800804,1200.5586643621707,1247.826732122121,1250.9643711413423,109.16947090800804,1,0.8827949543188287,High proxy
-33.0888_19.2188,-33.08883333,19.21878333,0.0,-33.0888_19.2188,,Witzenberg Local Municipality,Cape Winelands District Municipality,Western Cape,South Africa,"Witzenberg Local Municipality, Cape Winelands District Municipality, Western Cape, South Africa",118.62242221427401,1145.3790465583747,1193.963024804245,1174.7476960778395,118.62242221427401,1,0.8711670066579729,High proxy
-33.1308_18.8628,-33.13083,18.86278,0.7450980392156863,-33.1308_18.8628,,Swartland Local Municipality,West Coast District Municipality,Western Cape,South Africa,"Swartland Local Municipality, West Coast District Municipality, Western Cape, South Africa",97.20955868516302,1174.0519224802501,1222.2820535233104,1208.0219506041212,97.20955868516302,1,0.8975066807257432,High proxy
-33.3139_19.0747,-33.31388889,19.07472222,0.7272727272727273,-33.3139_19.0747,,Drakenstein Local Municipality,Cape Winelands District Municipality,Western Cape,South Africa,"Drakenstein Local Municipality, Cape Winelands District Municipality, Western Cape, South Africa",90.80406291536616,1171.706643491823,1220.4942134919506,1194.2062147131012,90.80406291536616,1,0.9053859945125031,High proxy
-33.3806_19.3017,-33.38056,19.30167,0.5192307692307693,-33.3806_19.3017,,Witzenberg Local Municipality,Cape Winelands District Municipality,Western Cape,South Africa,"Ceres, Witzenberg Local Municipality, Cape Winelands District Municipality, Western Cape, 6835, South Africa",101.29869525259016,1160.528280393937,1209.6855547913347,1175.967206210265,101.29869525259016,1,0.8924766890920599,High proxy
-33.4644_18.7406,-33.464444,18.740556,0.0,-33.4644_18.7406,,Swartland Local Municipality,West Coast District Municipality,Western Cape,South Africa,"Malmesbury, Swartland Local Municipality, West Coast District Municipality, Western Cape, South Africa",58.979670849756076,1206.2563662069383,1254.903714963062,1228.5953608899758,58.979670849756076,1,0.9445327491384552,High proxy
-33.5017_21.6242,-33.501667,21.624167,0.7719298245614035,-33.5017_21.6242,,George,,Western Cape,South Africa,"Calitzdorp, George, Western Cape, 6660, South Africa",299.6941573662655,1020.3127346575254,1072.2100942392876,976.6339560379407,299.6941573662655,1,0.6484331121321382,Mid proxy
-33.7075_18.9744,-33.7075,18.97444444,0.1923076923076923,-33.7075_18.9744,,Drakenstein Local Municipality,Cape Winelands District Municipality,Western Cape,South Africa,"Wellington, Drakenstein Local Municipality, Cape Winelands District Municipality, Western Cape, 7655, South Africa",56.2970478694563,1207.2959521721998,1256.5797914111474,1215.5160280749747,56.2970478694563,1,0.9478326074153152,High proxy
-33.7227_18.6169,-33.72266667,18.61691667,0.0,-33.7227_18.6169,,,City of Cape Town,Western Cape,South Africa,"City of Cape Town, Western Cape, South Africa",28.686757059572802,1233.451773921193,1282.3667615043064,1247.6250952188193,28.686757059572802,1,0.9817956530331975,High proxy
-33.8181_19.6947,-33.818056,19.694722,0.34,-33.8181_19.6947,,Langeberg Local Municipality,Cape Winelands District Municipality,Western Cape,South Africa,"Langeberg Local Municipality, Cape Winelands District Municipality, Western Cape, South Africa",117.90821112955834,1166.7912902011813,1217.0127837483024,1156.165891949431,117.90821112955834,1,0.8720455480619016,High proxy
-33.8708_20.0033,-33.870833,20.003333,0.225,-33.8708_20.0033,,Langeberg Local Municipality,Cape Winelands District Municipality,Western Cape,South Africa,"Ashton, Langeberg Local Municipality, Cape Winelands District Municipality, Western Cape, 6715, South Africa",145.8785313343527,1150.779401310229,1201.3957181503117,1131.3264829729912,145.8785313343527,1,0.8376396351505404,High proxy
-33.8978_20.0128,-33.897778,20.012778,0.3137254901960784,-33.8978_20.0128,,Langeberg Local Municipality,Cape Winelands District Municipality,Western Cape,South Africa,"Ashton, Langeberg Local Municipality, Cape Winelands District Municipality, Western Cape, 6715, South Africa",146.63415492912455,1152.3163289545967,1202.9752586951101,1131.548371201915,146.63415492912455,1,0.8367101527776131,High proxy
-33.9708_22.5483,-33.970833,22.548333,0.0,-33.9708_22.5483,,George,George Local Municipality,Western Cape,South Africa,"George Local Municipality, George, Western Cape, South Africa",380.4333009887329,1012.3446839431505,1065.3975983956486,920.7609488350222,380.4333009887329,1,0.549116982617956,Mid proxy
-33.9806_21.6533,-33.980556,21.653333,0.1346153846153846,-33.9806_21.6533,,George,Mossel Bay Local Municipality,Western Cape,South Africa,"Mossel Bay Local Municipality, George, Western Cape, South Africa",297.90363190378866,1060.5912912419597,1112.9354593776122,995.3242767855012,297.90363190378866,1,0.6506356133075446,Mid proxy
-34.0058_22.3511,-34.005833,22.351111,0.36,-34.0058_22.3511,,George,George Local Municipality,Western Cape,South Africa,"George Local Municipality, George, Western Cape, South Africa",362.24774501378437,1025.5883386177181,1078.5177078429324,938.7075388444571,362.24774501378437,1,0.5714867892750681,Mid proxy
-34.0286_22.2222,-34.02861,22.22222,0.4230769230769231,-34.0286_22.2222,,George,Mossel Bay Local Municipality,Western Cape,South Africa,"Mossel Bay Local Municipality, George, Western Cape, South Africa",350.3942838822623,1034.3339583033853,1087.179935533279,950.446081690038,350.3942838822623,1,0.5860675716330566,Mid proxy
-34.0319_22.0533,-34.031944,22.053333,0.5510204081632653,-34.0319_22.0533,,George,Mossel Bay Local Municipality,Western Cape,South Africa,"Mossel Bay Local Municipality, George, Western Cape, South Africa",334.8390104259304,1043.494378125442,1096.2107339253596,964.5338116826481,334.8390104259304,1,0.6052019033079306,Mid proxy
-34.0397_22.1333,-34.039722,22.133333,0.6274509803921569,-34.0397_22.1333,,George,Mossel Bay Local Municipality,Western Cape,South Africa,"Mossel Bay Local Municipality, George, Western Cape, South Africa",342.2254368095892,1039.9893717127984,1092.7737966767852,958.3189392188981,342.2254368095892,1,0.5961159600287118,Mid proxy
-34.0658_20.4042,-34.065833,20.404167,0.4736842105263157,-34.0658_20.4042,,Swellendam Local Municipality,,Western Cape,South Africa,"Swellendam, Swellendam Local Municipality, Western Cape, 6470, South Africa",183.21047906860443,1141.2860388408521,1192.5344652588406,1104.6930478708746,183.21047906860443,1,0.7917181107220859,High proxy
-34.0756_20.1456,-34.075556,20.145556,0.3962264150943396,-34.0756_20.1456,,Swellendam Local Municipality,Overberg District Municipality,Western Cape,South Africa,"Swellendam Local Municipality, Overberg District Municipality, Western Cape, South Africa",159.57140651521837,1158.1860390435468,1209.1873503564968,1127.200863110938,159.57140651521837,1,0.820796214427089,High proxy
-34.0922_21.2953,-34.092222,21.295278,0.6976744186046512,-34.0922_21.2953,,George,Hessequa Local Municipality,Western Cape,South Africa,"Hessequa Local Municipality, George, Western Cape, South Africa",265.2965295747044,1090.584431651622,1142.70217947432,1030.487706200438,265.2965295747044,1,0.6907451692515634,High proxy
-34.2506_20.9925,-34.250556,20.9925,0.5227272727272727,-34.2506_20.9925,,George,Hessequa Local Municipality,Western Cape,South Africa,"Hessequa Local Municipality, George, Western Cape, South Africa",239.2715637955083,1121.726887868129,1173.7086471529965,1063.1401544560626,239.2715637955083,1,0.7227581279722395,High proxy
-34.3297_18.9903,-34.329722,18.990278,0.0384615384615384,-34.3297_18.9903,,Overstrand Local Municipality,,Western Cape,South Africa,"Betty's Bay, Overstrand Local Municipality, Western Cape, 7141, South Africa",68.8634551472803,1252.9852039309064,1303.129077779862,1236.517318735872,68.8634551472803,1,0.932374839637047,High proxy
-34.4058_19.6006,-34.405833,19.600556,0.0227272727272727,-34.4058_19.6006,,Overstrand Local Municipality,Overberg District Municipality,Western Cape,South Africa,"Overstrand Local Municipality, Overberg District Municipality, Western Cape, South Africa",120.72850553806829,1219.2992004890639,1270.1311969963792,1187.363706073521,120.72850553806829,1,0.8685763420216019,High proxy
